ds,trend,yhat_lower,yhat_upper,trend_lower,trend_upper,monthly,monthly_lower,monthly_upper,multiplicative_terms,multiplicative_terms_lower,multiplicative_terms_upper,yearly,yearly_lower,yearly_upper,additive_terms,additive_terms_lower,additive_terms_upper,yhat
2012-01-01,9.344982547992979,6.168829732107661,10.029616014244846,9.344982547992979,9.344982547992979,-0.09762994764280422,-0.09762994764280422,-0.09762994764280422,-0.12088213778893013,-0.12088213778893013,-0.12088213778893013,-0.023252190146125916,-0.023252190146125916,-0.023252190146125916,0.0,0.0,0.0,8.215341079991344
2012-02-01,9.269888982402815,7.328088961454464,11.093369647368599,9.269888982402815,9.269888982402815,0.015820021156401534,0.015820021156401534,0.015820021156401534,-0.007135294918478851,-0.007135294918478851,-0.007135294918478851,-0.022955316074880383,-0.022955316074880383,-0.022955316074880383,0.0,0.0,0.0,9.203745590651813
2012-03-01,9.199640162979758,6.629004238845832,10.50561783965479,9.199640162979758,9.199640162979758,-0.09762994764274806,-0.09762994764274806,-0.09762994764274806,-0.06769490492670666,-0.06769490492670666,-0.06769490492670666,0.029935042716041423,0.029935042716041423,0.029935042716041423,0.0,0.0,0.0,8.576871396786931
2012-04-01,9.124546597389594,7.753607513312025,11.408201292755672,9.124546597389594,9.124546597389594,0.015820021156038068,0.015820021156038068,0.015820021156038068,0.035352058143678214,0.035352058143678214,0.035352058143678214,0.01953203698764015,0.01953203698764015,0.01953203698764015,0.0,0.0,0.0,9.447118099235212
2012-05-01,9.051875404882983,7.959223642269887,11.594966562253722,9.051875404882983,9.051875404882983,0.10900506662373144,0.10900506662373144,0.10900506662373144,0.07719016435001137,0.07719016435001137,0.07719016435001137,-0.031814902273720067,-0.031814902273720067,-0.031814902273720067,0.0,0.0,0.0,9.750591155061727
2012-06-01,8.976781839292821,6.41972927850156,10.046842547801715,8.976781839292821,8.976781839292821,-0.03851241000009225,-0.03851241000009225,-0.03851241000009225,-0.07365265112535847,-0.07365265112535847,-0.07365265112535847,-0.03514024112526623,-0.03514024112526623,-0.03514024112526623,0.0,0.0,0.0,8.315618058254934
2012-07-01,8.904110646585492,6.669091952160716,10.527332709717683,8.904110646585492,8.904110646585492,0.004575210000042256,0.004575210000042256,0.004575210000042256,-0.03423890341464675,-0.03423890341464675,-0.03423890341464675,-0.038814113414689,-0.038814113414689,-0.038814113414689,0.0,0.0,0.0,8.599243662163724
2012-08-01,8.829017080787919,6.769940092078969,10.33171296748186,8.829017080787919,8.829017080787919,-0.07302230152450866,-0.07302230152450866,-0.07302230152450866,-0.04234225005587832,-0.04234225005587832,-0.04234225005587832,0.030680051468630332,0.030680051468630332,0.030680051468630332,0.0,0.0,0.0,8.455176631805577
2012-09-01,8.753923514990346,6.6233349806862245,10.326719723088788,8.753923514990346,8.753923514990346,-0.05257474235721191,-0.05257474235721191,-0.05257474235721191,-0.0381676360673422,-0.0381676360673422,-0.0381676360673422,0.014407106289869711,0.014407106289869711,0.014407106289869711,0.0,0.0,0.0,8.419806948108846
2012-10-01,8.681252322283017,6.8282846745687165,10.571675661173002,8.681252322283017,8.681252322283017,-0.024938904833027693,-0.024938904833027693,-0.024938904833027693,0.0057848516061678144,0.0057848516061678144,0.0057848516061678144,0.030723756439195515,0.030723756439195515,0.030723756439195515,0.0,0.0,0.0,8.731472078723124
2012-11-01,8.606158756485446,7.231598715375566,10.906672574081389,8.606158756485446,8.606158756485446,0.050680034899751175,0.050680034899751175,0.050680034899751175,0.06447794939060078,0.06447794939060078,0.06447794939060078,0.013797914490849605,0.013797914490849605,0.013797914490849605,0.0,0.0,0.0,9.16106622523359
2012-12-01,8.533487563720378,7.9128886123518205,11.782604938543757,8.533487563720378,8.533487563720378,0.12768916510009864,0.12768916510009864,0.12768916510009864,0.1573789409001124,0.1573789409001124,0.1573789409001124,0.029689775800013734,0.029689775800013734,0.029689775800013734,0.0,0.0,0.0,9.876478798682973
2013-01-01,8.458393997863144,7.298604609527067,10.920119403610258,8.458393997863144,8.458393997863144,0.1014689948330852,0.1014689948330852,0.1014689948330852,0.07987830334306976,0.07987830334306976,0.07987830334306976,-0.02159069149001544,-0.02159069149001544,-0.02159069149001544,0.0,0.0,0.0,9.134036159419656
2013-02-01,8.383300432005909,7.229135817306851,11.05796687586026,8.383300432005909,8.383300432005909,0.1090050666237318,0.1090050666237318,0.1090050666237318,0.08873048016871218,0.08873048016871218,0.08873048016871218,-0.020274586455019616,-0.020274586455019616,-0.020274586455019616,0.0,0.0,0.0,9.127154704736364
2013-03-01,8.31547398542518,7.189980153013018,10.942232215921223,8.31547398542518,8.31547398542518,0.05068003489981643,0.05068003489981643,0.05068003489981643,0.08322766941472363,0.08322766941472363,0.08322766941472363,0.03254763451490719,0.03254763451490719,0.03254763451490719,0.0,0.0,0.0,9.007551505310882
2013-04-01,8.240380419567945,5.582821003895287,9.533713661184,8.240380419567945,8.240380419567945,-0.09762994764269542,-0.09762994764269542,-0.09762994764269542,-0.08088915709298099,-0.08088915709298099,-0.08088915709298099,0.016740790549714425,0.016740790549714425,0.016740790549714425,0.0,0.0,0.0,7.573822993303589
2013-05-01,8.167709226957347,6.7515777961784655,10.587389787866277,8.167709226957347,8.167709226957347,0.10146899483309335,0.10146899483309335,0.10146899483309335,0.0694437134002958,0.0694437134002958,0.0694437134002958,-0.032025281432797564,-0.032025281432797564,-0.032025281432797564,0.0,0.0,0.0,8.734905285651125
2013-06-01,8.09261566125973,6.660617415269067,10.612303718880323,8.09261566125973,8.09261566125973,0.10900506662409731,0.10900506662409731,0.10900506662409731,0.07294591183127605,0.07294591183127605,0.07294591183127605,-0.03605915479282128,-0.03605915479282128,-0.03605915479282128,0.0,0.0,0.0,8.682938889770385
2013-07-01,8.01994446864913,6.000485868733957,9.816888455737883,8.01994446864913,8.01994446864913,0.015820021156306083,0.015820021156306083,0.015820021156306083,-0.020092202454575707,-0.020092202454575707,-0.020092202454575707,-0.0359122236108818,-0.0359122236108818,-0.0359122236108818,0.0,0.0,0.0,7.858806120710578
2013-08-01,7.9448509029515115,6.295817999603249,10.093495320050854,7.9448509029515115,7.9448509029515115,0.004575209999905874,0.004575209999905874,0.004575209999905874,0.036223823400959615,0.036223823400959615,0.036223823400959615,0.03164861340105374,0.03164861340105374,0.03164861340105374,0.0,0.0,0.0,8.232643779006981
2013-09-01,7.869757337253893,5.5217216266657925,9.259957505523381,7.869757337253893,7.869757337253893,-0.07302230152413709,-0.07302230152413709,-0.07302230152413709,-0.06031481876057754,-0.06031481876057754,-0.06031481876057754,0.012707482763559548,0.012707482763559548,0.012707482763559548,0.0,0.0,0.0,7.3950943497676995
2013-10-01,7.797086144643296,5.1931300850556905,8.957717866669118,7.797086144643296,7.797086144643296,-0.12256018625624336,-0.12256018625624336,-0.12256018625624336,-0.09346227276030158,-0.09346227276030158,-0.09346227276030158,0.029097913495941777,0.029097913495941777,0.029097913495941777,0.0,0.0,0.0,7.068352752657075
2013-11-01,7.721992578720149,5.621683236668308,9.499029294050823,7.721992578720149,7.721992578720149,-0.02493890483315723,-0.02493890483315723,-0.02493890483315723,-0.01165808242612356,-0.01165808242612356,-0.01165808242612356,0.013280822407033668,0.013280822407033668,0.013280822407033668,0.0,0.0,0.0,7.631968952743516
2013-12-01,7.6493213858913,5.679515742751622,9.390275197710324,7.6493213858913,7.6493213858913,-0.052574742357370904,-0.052574742357370904,-0.052574742357370904,-0.020335104089155436,-0.020335104089155436,-0.020335104089155436,0.03223963826821547,0.03223963826821547,0.03223963826821547,0.0,0.0,0.0,7.4937716392977975
2014-01-01,7.574227819968154,6.6635596430776465,10.311135716402175,7.574227819968154,7.574227819968154,0.1276891651000968,0.1276891651000968,0.1276891651000968,0.105565355100094,0.105565355100094,0.105565355100094,-0.02212381000000281,-0.02212381000000281,-0.02212381000000281,0.0,0.0,0.0,8.373803869392102
2014-02-01,7.499134254045009,6.32281531512239,10.005291779825054,7.499134254045009,7.499134254045009,0.10146899483315865,0.10146899483315865,0.10146899483315865,0.08026642469022155,0.08026642469022155,0.08026642469022155,-0.021202570142937107,-0.021202570142937107,-0.021202570142937107,0.0,0.0,0.0,8.101062948889174
2014-03-01,7.431307807404749,5.690859421690099,9.422942216082742,7.431307807404749,7.431307807404749,-0.024938904833012726,-0.024938904833012726,-0.024938904833012726,0.010165684883698232,0.010165684883698232,0.010165684883698232,0.03510458971671096,0.03510458971671096,0.03510458971671096,0.0,0.0,0.0,7.506852140848592
2014-04-01,7.356214241891559,5.957876305379324,9.725764369376634,7.356214241891559,7.356214241891559,0.05068003489980739,0.05068003489980739,0.05068003489980739,0.06457934989606676,0.06457934989606676,0.06457934989606676,0.01389931499625936,0.01389931499625936,0.01389931499625936,0.0,0.0,0.0,7.831273775329103
2014-05-01,7.283543049459438,6.100310332280543,9.877262388841528,7.283543049459438,7.283543049459438,0.12768916509982564,0.12768916509982564,0.12768916509982564,0.09549924324174187,0.09549924324174187,0.09549924324174187,-0.03218992185808378,-0.03218992185808378,-0.03218992185808378,0.0,0.0,0.0,7.979115898801464
2014-06-01,7.208449483946247,5.692972274461939,9.670513038636576,7.208449483946247,7.208449483946247,0.10146899483316682,0.10146899483316682,0.10146899483316682,0.06455582835857558,0.06455582835857558,0.06455582835857558,-0.03691316647459125,-0.03691316647459125,-0.03691316647459125,0.0,0.0,0.0,7.673796911563344
2014-07-01,7.135778291514127,4.333716150333967,7.9109118727588275,7.135778291514127,7.135778291514127,-0.0976299476427913,-0.0976299476427913,-0.0976299476427913,-0.1306113931637306,-0.1306113931637306,-0.1306113931637306,-0.0329814455209393,-0.0329814455209393,-0.0329814455209393,0.0,0.0,0.0,6.203764347551961
2014-08-01,7.060684726000936,5.640726463860657,9.385652006165397,7.060684726000936,7.060684726000936,0.015820021156355807,0.015820021156355807,0.015820021156355807,0.04834760044428376,0.04834760044428376,0.04834760044428376,0.03252757928792795,0.03252757928792795,0.03252757928792795,0.0,0.0,0.0,7.402051889996686
2014-09-01,6.985591160534712,5.233439622822776,8.946346113469941,6.985591160534712,6.985591160534712,0.004575210000086748,0.004575210000086748,0.004575210000086748,0.015533161653594842,0.015533161653594842,0.015533161653594842,0.010957951653508092,0.010957951653508092,0.010957951653508092,0.0,0.0,0.0,7.09409947727722
2014-10-01,6.912919968148044,4.891398534453074,8.64578310037682,6.912919968148044,6.912919968148044,-0.03851240999984445,-0.03851240999984445,-0.03851240999984445,-0.011024770238310042,-0.011024770238310042,-0.011024770238310042,0.02748763976153441,0.02748763976153441,0.02748763976153441,0.0,0.0,0.0,6.836706613823386
2014-11-01,6.83782640268182,4.152777191090186,8.009377021018825,6.83782640268182,6.83782640268182,-0.1225601862565911,-0.1225601862565911,-0.1225601862565911,-0.10972887328275072,-0.10972887328275072,-0.10972887328275072,0.012831312973840395,0.012831312973840395,0.012831312973840395,0.0,0.0,0.0,6.0875194158124994
2014-12-01,6.765155210295151,4.679066002359171,8.365772777091951,6.765155210295151,6.765155210295151,-0.0730223015238632,-0.0730223015238632,-0.0730223015238632,-0.038238449931361204,-0.038238449931361204,-0.038238449931361204,0.034783851592501996,0.034783851592501996,0.034783851592501996,0.0,0.0,0.0,6.506466161508393
2015-01-01,6.690061644828928,4.271367969955034,8.173589964882533,6.690061644828928,6.690061644828928,-0.05257474235733399,-0.05257474235733399,-0.05257474235733399,-0.07525249890425027,-0.07525249890425027,-0.07525249890425027,-0.02267775654691628,-0.02267775654691628,-0.02267775654691628,0.0,0.0,0.0,6.1866177882320725
2015-02-01,6.6150047293052685,5.4353325534749,9.232269364765347,6.6150047293052685,6.6150047293052685,0.12768916509993136,0.12768916509993136,0.12768916509993136,0.10559299170478369,0.10559299170478369,0.10559299170478369,-0.022096173395147675,-0.022096173395147675,-0.022096173395147675,0.0,0.0,0.0,7.313502868813905
2015-03-01,6.547211386251641,4.0129331866459745,7.803002577159299,6.547211386251641,6.547211386251641,-0.12256018625578396,-0.12256018625578396,-0.12256018625578396,-0.08495649390280557,-0.08495649390280557,-0.08495649390280557,0.03760369235297839,0.03760369235297839,0.03760369235297839,0.0,0.0,0.0,5.990983262035175
2015-04-01,6.472154470727981,4.488044848598165,8.203887425092704,6.472154470727981,6.472154470727981,-0.02493890483301108,-0.02493890483301108,-0.02493890483301108,-0.013928060451168081,-0.013928060451168081,-0.013928060451168081,0.011010844381843,0.011010844381843,0.011010844381843,0.0,0.0,0.0,6.382009912010384
2015-05-01,6.399518746027666,3.912536780923659,7.734511076258421,6.399518746027666,6.399518746027666,-0.05257474235725407,-0.05257474235725407,-0.05257474235725407,-0.08488202598559454,-0.08488202598559454,-0.08488202598559454,-0.03230728362834046,-0.03230728362834046,-0.03230728362834046,0.0,0.0,0.0,5.856314629532046
2015-06-01,6.324461830504006,4.900925751600132,8.65361124211401,6.324461830504006,6.324461830504006,0.1276891650998893,0.1276891650998893,0.1276891650998893,0.08998720392866585,0.08998720392866585,0.08998720392866585,-0.03770196117122345,-0.03770196117122345,-0.03770196117122345,0.0,0.0,0.0,6.8935824669846335
2015-07-01,6.252964835984334,4.460528389666455,8.417265999010212,6.252964835984334,6.252964835984334,0.050680034899760876,0.050680034899760876,0.050680034899760876,0.02065419868487333,0.02065419868487333,0.02065419868487333,-0.030025836214887545,-0.030025836214887545,-0.030025836214887545,0.0,0.0,0.0,6.382114814076281
2015-08-01,6.179084608314005,3.8656772589375565,7.512468142711283,6.179084608314005,6.179084608314005,-0.09762994764272004,-0.09762994764272004,-0.09762994764272004,-0.06431470788953583,-0.06431470788953583,-0.06431470788953583,0.03331523975318419,0.03331523975318419,0.03331523975318419,0.0,0.0,0.0,5.781678586705563
2015-09-01,6.105204380643679,4.568435982510779,8.25436271423693,6.105204380643679,6.105204380643679,0.015820021156241933,0.015820021156241933,0.015820021156241933,0.024980752077687747,0.024980752077687747,0.024980752077687747,0.009160730921445814,0.009160730921445814,0.009160730921445814,0.0,0.0,0.0,6.257716977660151
2015-10-01,6.033707386124006,4.870587722124076,8.732506711752317,6.033707386124006,6.033707386124006,0.10900506662414361,0.10900506662414361,0.10900506662414361,0.13490056502275624,0.13490056502275624,0.13490056502275624,0.02589549839861263,0.02589549839861263,0.02589549839861263,0.0,0.0,0.0,6.847657921694112
2015-11-01,5.95982715845368,4.005815365275656,7.7026948836333595,5.95982715845368,5.95982715845368,-0.038512410000022576,-0.038512410000022576,-0.038512410000022576,-0.0260625952229313,-0.0260625952229313,-0.0260625952229313,0.012449814777091277,0.012449814777091277,0.012449814777091277,0.0,0.0,0.0,5.804498595624269
2015-12-01,5.889723001354227,4.181843314329064,8.18814614216441,5.889723001354227,5.889723001354227,0.00457520999991781,0.00457520999991781,0.00457520999991781,0.04189510721871016,0.04189510721871016,0.04189510721871016,0.03731989721879235,0.03731989721879235,0.03731989721879235,0.0,0.0,0.0,6.136473577984465
2016-01-01,5.817282039018125,3.4196930665906735,7.221729427179042,5.817282039018125,5.817282039018125,-0.07302230152422176,-0.07302230152422176,-0.07302230152422176,-0.09627449167034534,-0.09627449167034534,-0.09627449167034534,-0.023252190146123584,-0.023252190146123584,-0.023252190146123584,0.0,0.0,0.0,5.257226167808626
2016-02-01,5.744841076682022,3.3755064790003946,7.13928906494781,5.744841076682022,5.744841076682022,-0.052574742357043416,-0.052574742357043416,-0.052574742357043416,-0.07553005843190726,-0.07553005843190726,-0.07553005843190726,-0.02295531607486384,-0.02295531607486384,-0.02295531607486384,0.0,0.0,0.0,5.310932894478207
2016-03-01,5.677073724819217,3.537807807228497,7.297250749089705,5.677073724819217,5.677073724819217,-0.07302230152413022,-0.07302230152413022,-0.07302230152413022,-0.043087258808093734,-0.043087258808093734,-0.043087258808093734,0.02993504271603648,0.02993504271603648,0.02993504271603648,0.0,0.0,0.0,5.432464179965303
2016-04-01,5.604632762483115,3.4209806055450778,7.345743874301905,5.604632762483115,5.604632762483115,-0.05257474235741019,-0.05257474235741019,-0.05257474235741019,-0.03304270536978163,-0.03304270536978163,-0.03304270536978163,0.019532036987628565,0.019532036987628565,0.019532036987628565,0.0,0.0,0.0,5.4194405334065605
2016-05-01,5.534528605383661,3.2639661393500092,7.153510327072727,5.534528605383661,5.534528605383661,-0.024938904833156195,-0.024938904833156195,-0.024938904833156195,-0.05675380710689028,-0.05675380710689028,-0.05675380710689028,-0.03181490227373408,-0.03181490227373408,-0.03181490227373408,0.0,0.0,0.0,5.22042303648615
2016-06-01,5.464336924656755,3.6343074145733385,7.376229163129048,5.464336924656755,5.464336924656755,0.05068003489985484,0.05068003489985484,0.05068003489985484,0.015539793774590353,0.015539793774590353,0.015539793774590353,-0.035140241125264475,-0.035140241125264475,-0.035140241125264475,0.0,0.0,0.0,5.5492515935808
2016-07-01,5.396409491695232,3.7740597658384303,7.744993204107669,5.396409491695232,5.396409491695232,0.12768916509998557,0.12768916509998557,0.12768916509998557,0.08887505168531358,0.08887505168531358,0.08887505168531358,-0.038814113414671975,-0.038814113414671975,-0.038814113414671975,0.0,0.0,0.0,5.876015664184763
2016-08-01,5.326217810968326,4.305024262147717,7.872026538791916,5.326217810968326,5.326217810968326,0.10146899483306117,0.10146899483306117,0.10146899483306117,0.13214904630170093,0.13214904630170093,0.13214904630170093,0.030680051468639755,0.030680051468639755,0.030680051468639755,0.0,0.0,0.0,6.030072415082924
2016-09-01,5.256026130241419,3.930642759094973,7.6718996831426365,5.256026130241419,5.256026130241419,0.10900506662402504,0.10900506662402504,0.10900506662402504,0.12341217291390555,0.12341217291390555,0.12341217291390555,0.014407106289880497,0.014407106289880497,0.014407106289880497,0.0,0.0,0.0,5.9046837358667785
2016-10-01,5.188098697279897,3.3979847640711265,7.245952502776508,5.188098697279897,5.188098697279897,0.015820021156374285,0.015820021156374285,0.015820021156374285,0.04654377759556667,0.04654377759556667,0.04654377759556667,0.030723756439192375,0.030723756439192375,0.030723756439192375,0.0,0.0,0.0,5.429572409189942
2016-11-01,5.1282637516825,3.2492377389311216,7.022906024113605,5.1282637516825,5.1282637516825,0.004575209999908533,0.004575209999908533,0.004575209999908533,0.01837312449074347,0.01837312449074347,0.01837312449074347,0.013797914490834944,0.013797914490834944,0.013797914490834944,0.0,0.0,0.0,5.22248598001353
2016-12-01,5.070358965620502,3.120372190754536,6.9960405823678915,5.070358965620502,5.070358965620502,-0.03851241000016087,-0.03851241000016087,-0.03851241000016087,-0.008822634200150647,-0.008822634200150647,-0.008822634200150647,0.029689775800010223,0.029689775800010223,0.029689775800010223,0.0,0.0,0.0,5.025625043203378
2017-01-01,5.010524020023105,2.456430008394605,6.214718551856478,5.010524020023105,5.010524020023105,-0.12256018625604119,-0.12256018625604119,-0.12256018625604119,-0.14415087774606022,-0.14415087774606022,-0.14415087774606022,-0.021590691490019007,-0.021590691490019007,-0.021590691490019007,0.0,0.0,0.0,4.288252584569056
2017-02-01,4.950689074425708,2.949173927815652,6.477378335108096,4.950689074425708,4.950689074425708,-0.024938904833005537,-0.024938904833005537,-0.024938904833005537,-0.04521349128802646,-0.04521349128802646,-0.04521349128802646,-0.02027458645502091,-0.02027458645502091,-0.02027458645502091,0.0,0.0,0.0,4.726851137089434
2017-03-01,4.896644607434511,3.1099175906632626,6.9110762681356,4.896644607434511,4.896644607434511,0.004575209999928874,0.004575209999928874,0.004575209999928874,0.03712284451484239,0.03712284451484239,0.03712284451484239,0.03254763451491352,0.03254763451491352,0.03254763451491352,0.0,0.0,0.0,5.078421983840744
2017-04-01,4.8525302230802065,2.7576349888259797,6.4750734524779405,4.8525302230802065,4.8525302230802065,-0.0730223015239479,-0.0730223015239479,-0.0730223015239479,-0.05628151097426009,-0.05628151097426009,-0.05628151097426009,0.0167407905496878,0.0167407905496878,0.0167407905496878,0.0,0.0,0.0,4.57942249007699
2017-05-01,4.809838883382492,2.14165318017883,5.923643855577469,4.809838883382492,4.809838883382492,-0.12256018625631585,-0.12256018625631585,-0.12256018625631585,-0.1545854676891267,-0.1545854676891267,-0.1545854676891267,-0.03202528143281086,-0.03202528143281086,-0.03202528143281086,0.0,0.0,0.0,4.066307690085462
2017-06-01,4.765724499028187,2.5974810715098298,6.427678011253297,4.765724499028187,4.765724499028187,-0.024938904833341137,-0.024938904833341137,-0.024938904833341137,-0.06099805962615333,-0.06099805962615333,-0.06099805962615333,-0.036059154792812194,-0.036059154792812194,-0.036059154792812194,0.0,0.0,0.0,4.475024551874646
2017-07-01,4.723033159330473,2.4931730846644475,6.295295698699869,4.723033159330473,4.723033159330473,-0.05257474235725994,-0.05257474235725994,-0.05257474235725994,-0.08848696596810898,-0.08848696596810898,-0.08848696596810898,-0.035912223610849066,-0.035912223610849066,-0.035912223610849066,0.0,0.0,0.0,4.305106284894547
2017-08-01,4.678918774976169,3.538425065150201,7.301573385964277,4.678918774976169,4.678918774976169,0.12768916509982012,0.12768916509982012,0.12768916509982012,0.1593377785008716,0.1593377785008716,0.1593377785008716,0.0316486134010515,0.0316486134010515,0.0316486134010515,0.0,0.0,0.0,5.424447298366891
2017-09-01,4.652647711512236,3.3444357872932104,6.911318483875478,4.652647711512236,4.652647711512236,0.10146899483309478,0.10146899483309478,0.10146899483309478,0.11417647759664344,0.11417647759664344,0.11417647759664344,0.012707482763548654,0.012707482763548654,0.012707482763548654,0.0,0.0,0.0,5.183870638710787
2017-10-01,4.627224101708428,2.447699220469015,6.135912777152841,4.627224101708428,4.627224101708428,-0.09762994764283006,-0.09762994764283006,-0.09762994764283006,-0.06853203414689413,-0.06853203414689413,-0.06853203414689413,0.02909791349593595,0.02909791349593595,0.02909791349593595,0.0,0.0,0.0,4.310111021564815
2017-11-01,4.600953038244495,2.898587172498075,6.66428906528441,4.600953038244495,4.600953038244495,0.015820021156424016,0.015820021156424016,0.015820021156424016,0.02910084356345872,0.02910084356345872,0.02910084356345872,0.013280822407034702,0.013280822407034702,0.013280822407034702,0.0,0.0,0.0,4.734844652853268
2017-12-01,4.575529428440689,3.378723155585064,7.1879714089455025,4.575529428440689,4.575529428440689,0.10900506662402741,0.10900506662402741,0.10900506662402741,0.14124470489224977,0.14124470489224977,0.14124470489224977,0.03223963826822234,0.03223963826822234,0.03223963826822234,0.0,0.0,0.0,5.221798732286598
2018-01-01,4.549258364976755,2.3852132420422616,6.300852754576416,4.549258364976755,4.549258364976755,-0.03851240999983885,-0.03851240999983885,-0.03851240999983885,-0.06063621999984754,-0.06063621999984754,-0.06063621999984754,-0.022123810000008674,-0.022123810000008674,-0.022123810000008674,0.0,0.0,0.0,4.273408533921877
2018-02-01,4.539091536987477,1.8794244806829552,5.757386423078155,4.539091536987477,4.539091536987477,-0.12256018625622533,-0.12256018625622533,-0.12256018625622533,-0.14376275639915115,-0.14376275639915115,-0.14376275639915115,-0.021202570142925807,-0.021202570142925807,-0.021202570142925807,0.0,0.0,0.0,3.8865392260820975
2018-03-01,4.529908595577806,2.831139263142772,6.687995193175661,4.529908595577806,4.529908595577806,0.015820021156553718,0.015820021156553718,0.015820021156553718,0.05092461087327883,0.05092461087327883,0.05092461087327883,0.035104589716725115,0.035104589716725115,0.035104589716725115,0.0,0.0,0.0,4.760592428099126
2018-04-01,4.519741767588528,2.6615513762573353,6.542521422525073,4.519741767588528,4.519741767588528,0.0045752099999297625,0.0045752099999297625,0.0045752099999297625,0.018474524996172945,0.018474524996172945,0.018474524996172945,0.013899314996243185,0.013899314996243185,0.013899314996243185,0.0,0.0,0.0,4.603241849850089
2018-05-01,4.509902901792453,2.1860927070159595,6.032469850479929,4.509902901792453,4.509902901792453,-0.03851240999979619,-0.03851240999979619,-0.03851240999979619,-0.07070233185787146,-0.07070233185787146,-0.07070233185787146,-0.032189921858075274,-0.032189921858075274,-0.032189921858075274,0.0,0.0,0.0,4.191042250183145
2018-06-01,4.499736073803175,1.8717260152401678,5.632700925752999,4.499736073803175,4.499736073803175,-0.1225601862561227,-0.1225601862561227,-0.1225601862561227,-0.15947335273071525,-0.15947335273071525,-0.15947335273071525,-0.036913166474592564,-0.036913166474592564,-0.036913166474592564,0.0,0.0,0.0,3.782148075710437
2018-07-01,4.502757022902546,2.11774201712899,5.911503619963748,4.502757022902546,4.502757022902546,-0.0730223015242149,-0.0730223015242149,-0.0730223015242149,-0.10600374704515934,-0.10600374704515934,-0.10600374704515934,-0.03298144552094444,-0.03298144552094444,-0.03298144552094444,0.0,0.0,0.0,4.02544790644097
2018-08-01,4.505878670305231,2.6612220560690014,6.38203863408021,4.505878670305231,4.505878670305231,-0.05257474235744947,-0.05257474235744947,-0.05257474235744947,-0.02004716306952655,-0.02004716306952655,-0.02004716306952655,0.032527579287922895,0.032527579287922895,0.032527579287922895,0.0,0.0,0.0,4.415548585830121
2018-09-01,4.5090003177079145,3.3253934225099706,7.136677380684882,4.5090003177079145,4.5090003177079145,0.12768916509981826,0.12768916509981826,0.12768916509981826,0.13864711675332242,0.13864711675332242,0.13864711675332242,0.010957951653504161,0.010957951653504161,0.010957951653504161,0.0,0.0,0.0,5.134160211197931
2018-10-01,4.512021266807286,2.891623554724796,6.84662024949633,4.512021266807286,4.512021266807286,0.05068003489973377,0.05068003489973377,0.05068003489973377,0.07816767466126262,0.07816767466126262,0.07816767466126262,0.027487639761528848,0.027487639761528848,0.027487639761528848,0.0,0.0,0.0,4.864715477255776
2018-11-01,4.51514291420997,2.176508262430273,6.0663737541250935,4.51514291420997,4.51514291420997,-0.09762994764279866,-0.09762994764279866,-0.09762994764279866,-0.08479863466895957,-0.08479863466895957,-0.08479863466895957,0.01283131297383909,0.01283131297383909,0.01283131297383909,0.0,0.0,0.0,4.132264959749738
2018-12-01,4.518163863309341,3.285927337125103,7.132429614798743,4.518163863309341,4.518163863309341,0.10146899483313246,0.10146899483313246,0.10146899483313246,0.1362528464256518,0.1362528464256518,0.1362528464256518,0.03478385159251933,0.03478385159251933,0.03478385159251933,0.0,0.0,0.0,5.133776550302758
2019-01-01,4.529524698786605,3.140735488422583,6.859780754618725,4.529524698786605,4.529524698786605,0.10900506662419446,0.10900506662419446,0.10900506662419446,0.08632731007727922,0.08632731007727922,0.08632731007727922,-0.022677756546915232,-0.022677756546915232,-0.022677756546915232,0.0,0.0,0.0,4.920546381961451
2019-02-01,4.540885534263869,2.5139981024628835,6.221777787234054,4.540885534263869,4.540885534263869,-0.03851241000001698,-0.03851241000001698,-0.03851241000001698,-0.06060858339516697,-0.06060858339516697,-0.06060858339516697,-0.022096173395149986,-0.022096173395149986,-0.022096173395149986,0.0,0.0,0.0,4.26566889467253
2019-03-01,4.551146934049785,2.3344161841526225,6.124574407142847,4.551146934049785,4.551146934049785,-0.09762994764279669,-0.09762994764279669,-0.09762994764279669,-0.06002625528985309,-0.06002625528985309,-0.06002625528985309,0.0376036923529436,0.0376036923529436,0.0376036923529436,0.0,0.0,0.0,4.277958626324881
2019-04-01,4.562507769527048,2.7798946447908213,6.510204956467461,4.562507769527048,4.562507769527048,0.015820021156480336,0.015820021156480336,0.015820021156480336,0.026830865538329002,0.026830865538329002,0.026830865538329002,0.011010844381848663,0.011010844381848663,0.011010844381848663,0.0,0.0,0.0,4.68492380200881
2019-05-01,4.573502126440529,3.152000167846212,6.856380665736615,4.573502126440529,4.573502126440529,0.1090050666237525,0.1090050666237525,0.1090050666237525,0.07669778299542161,0.07669778299542161,0.07669778299542161,-0.03230728362833089,-0.03230728362833089,-0.03230728362833089,0.0,0.0,0.0,4.924279600063364
2019-06-01,4.584862961832093,2.438211870168755,6.096499923005481,4.584862961832093,4.584862961832093,-0.03851240999961434,-0.03851240999961434,-0.03851240999961434,-0.07621437117085306,-0.07621437117085306,-0.07621437117085306,-0.03770196117123871,-0.03770196117123871,-0.03770196117123871,0.0,0.0,0.0,4.235430514291526
2019-07-01,4.595857318662639,2.6515613793418047,6.35542276725491,4.595857318662639,4.595857318662639,0.004575210000135726,0.004575210000135726,0.004575210000135726,-0.025450626214767916,-0.025450626214767916,-0.025450626214767916,-0.030025836214903637,-0.030025836214903637,-0.030025836214903637,0.0,0.0,0.0,4.478889871908951
2019-08-01,4.6072181540542045,2.448045220246767,6.316023704475281,4.6072181540542045,4.6072181540542045,-0.07302230152422123,-0.07302230152422123,-0.07302230152422123,-0.0397070617710319,-0.0397070617710319,-0.0397070617710319,0.03331523975318933,0.03331523975318933,0.03331523975318933,0.0,0.0,0.0,4.424279058218555
2019-09-01,4.618578989445768,2.5428881663394116,6.360857502045171,4.618578989445768,4.618578989445768,-0.052574742357265794,-0.052574742357265794,-0.052574742357265794,-0.04341401143581446,-0.04341401143581446,-0.04341401143581446,0.009160730921451338,0.009160730921451338,0.009160730921451338,0.0,0.0,0.0,4.418067948380758
2019-10-01,4.629573346276318,2.76326940680867,6.5392081790603385,4.629573346276318,4.629573346276318,-0.024938904833172286,-0.024938904833172286,-0.024938904833172286,0.0009565935654293478,0.0009565935654293478,0.0009565935654293478,0.025895498398601634,0.025895498398601634,0.025895498398601634,0.0,0.0,0.0,4.634001966350049
2019-11-01,4.640934181679844,3.198113028049372,6.7947964186737275,4.640934181679844,4.640934181679844,0.05068003489965921,0.05068003489965921,0.05068003489965921,0.06312984967674685,0.06312984967674685,0.06312984967674685,0.012449814777087634,0.012449814777087634,0.012449814777087634,0.0,0.0,0.0,4.933915658928969
2019-12-01,4.651928538521966,3.4060197722853753,7.325110590200134,4.651928538521966,4.651928538521966,0.12768916509986095,0.12768916509986095,0.12768916509986095,0.16500906231866816,0.16500906231866816,0.16500906231866816,0.03731989721880719,0.03731989721880719,0.03731989721880719,0.0,0.0,0.0,5.419538904636928
2020-01-01,4.663289373925493,3.102101693074822,6.777907015517784,4.663289373925493,4.663289373925493,0.10146899483306633,0.10146899483306633,0.10146899483306633,0.07821680468693296,0.07821680468693296,0.07821680468693296,-0.023252190146133375,-0.023252190146133375,-0.023252190146133375,0.0,0.0,0.0,5.028036968084473
2020-02-01,4.67465020932902,3.1215091270792126,6.881553657664371,4.67465020932902,4.67465020932902,0.10900506662415743,0.10900506662415743,0.10900506662415743,0.0860497505492761,0.0860497505492761,0.0860497505492761,-0.022955316074881323,-0.022955316074881323,-0.022955316074881323,0.0,0.0,0.0,5.076902693746903
2020-03-01,4.685278087609738,3.453737031116658,7.111686267235283,4.685278087609738,4.685278087609738,0.10146899483310365,0.10146899483310365,0.10146899483310365,0.13140403754915977,0.13140403754915977,0.13140403754915977,0.029935042716056147,0.029935042716056147,0.029935042716056147,0.0,0.0,0.0,5.300942545362265
2020-04-01,4.6966389230058265,3.5226033903556986,7.319921477519195,4.6966389230058265,4.6966389230058265,0.1090050666239506,0.1090050666239506,0.1090050666239506,0.1285371036115879,0.1285371036115879,0.1285371036115879,0.019532036987637315,0.019532036987637315,0.019532036987637315,0.0,0.0,0.0,5.300331286878443
2020-05-01,4.70763327984075,2.8142378391852096,6.654211183942621,4.70763327984075,4.70763327984075,0.015820021156612688,0.015820021156612688,0.015820021156612688,-0.01599488111711387,-0.01599488111711387,-0.01599488111711387,-0.03181490227372656,-0.03181490227372656,-0.03181490227372656,0.0,0.0,0.0,4.632335245186728
2020-06-01,4.718994115236838,2.609969666156215,6.500357608524685,4.718994115236838,4.718994115236838,0.004575209999971389,0.004575209999971389,0.004575209999971389,-0.030565031125301564,-0.030565031125301564,-0.030565031125301564,-0.035140241125272954,-0.035140241125272954,-0.035140241125272954,0.0,0.0,0.0,4.574757913224509
2020-07-01,4.729988472071763,2.3567111790553863,6.232365460408591,4.729988472071763,4.729988472071763,-0.038512410000152465,-0.038512410000152465,-0.038512410000152465,-0.07732652341480908,-0.07732652341480908,-0.07732652341480908,-0.03881411341465662,-0.03881411341465662,-0.03881411341465662,0.0,0.0,0.0,4.364234907734328
2020-08-01,4.74134930746785,2.6350543941302855,6.0031602281210175,4.74134930746785,4.74134930746785,-0.12256018625592505,-0.12256018625592505,-0.12256018625592505,-0.09188013478729334,-0.09188013478729334,-0.09188013478729334,0.030680051468631706,0.030680051468631706,0.030680051468631706,0.0,0.0,0.0,4.305713494024064
2020-09-01,4.752710142567819,2.8525233691779044,6.51294123689511,4.752710142567819,4.752710142567819,-0.024938904833002845,-0.024938904833002845,-0.024938904833002845,-0.01053179854312853,-0.01053179854312853,-0.01053179854312853,0.014407106289874322,0.014407106289874322,0.014407106289874322,0.0,0.0,0.0,4.702655556812411
2020-10-01,4.763704499116177,2.846725265100629,6.56053060510126,4.763704499116177,4.763704499116177,-0.05257474235712198,-0.05257474235712198,-0.05257474235712198,-0.02185098591793621,-0.02185098591793621,-0.02185098591793621,0.03072375643918577,0.03072375643918577,0.03072375643918577,0.0,0.0,0.0,4.659612859188781
2020-11-01,4.775065334216147,3.5126919739952083,7.353977047493762,4.775065334216147,4.775065334216147,0.1276891650997165,0.1276891650997165,0.1276891650997165,0.1414870795905453,0.1414870795905453,0.1414870795905453,0.013797914490828782,0.013797914490828782,0.013797914490828782,0.0,0.0,0.0,5.450675383208441
2020-12-01,4.786059690764505,3.243916502710301,7.076134237832629,4.786059690764505,4.786059690764505,0.05068003489971572,0.05068003489971572,0.05068003489971572,0.08036981069973693,0.08036981069973693,0.08036981069973693,0.029689775800021228,0.029689775800021228,0.029689775800021228,0.0,0.0,0.0,5.17071440210889
2021-01-01,4.7974205258644735,2.372081966117775,5.998684492504132,4.7974205258644735,4.7974205258644735,-0.0976299476428023,-0.0976299476428023,-0.0976299476428023,-0.11922063913280766,-0.11922063913280766,-0.11922063913280766,-0.021590691490005344,-0.021590691490005344,-0.021590691490005344,0.0,0.0,0.0,4.2254689845820605
2021-02-01,4.808781360815728,2.8378305441922254,6.802515813401161,4.808781360815728,4.808781360815728,0.015820021156534345,0.015820021156534345,0.015820021156534345,-0.004454565298488821,-0.004454565298488821,-0.004454565298488821,-0.020274586455023166,-0.020274586455023166,-0.020274586455023166,0.0,0.0,0.0,4.787360330237818
2021-03-01,4.819042760126539,3.7960155111420812,7.465987883463392,4.819042760126539,4.819042760126539,0.12768916510006667,0.12768916510006667,0.12768916510006667,0.16023679961498438,0.16023679961498438,0.16023679961498438,0.0325476345149177,0.0325476345149177,0.0325476345149177,0.0,0.0,0.0,5.591230749216976
2021-04-01,4.830403595077795,3.6331749416018506,7.3944601700508095,4.830403595077795,4.830403595077795,0.10146899483311844,0.10146899483311844,0.10146899483311844,0.11820978538282434,0.11820978538282434,0.11820978538282434,0.016740790549705904,0.016740790549705904,0.016740790549705904,0.0,0.0,0.0,5.401404567364364
2021-05-01,4.841397951482235,2.3680974253092586,6.103253496217374,4.841397951482235,4.841397951482235,-0.09762994764269402,-0.09762994764269402,-0.09762994764269402,-0.12965522907548602,-0.12965522907548602,-0.12965522907548602,-0.032025281432792,-0.032025281432792,-0.032025281432792,0.0,0.0,0.0,4.213685391037217
2021-06-01,4.85275878643349,2.9468959060296416,6.6714823110952235,4.85275878643349,4.85275878643349,0.015820021156498817,0.015820021156498817,0.015820021156498817,-0.020239133636337073,-0.020239133636337073,-0.020239133636337073,-0.03605915479283589,-0.03605915479283589,-0.03605915479283589,0.0,0.0,0.0,4.754543152849953
2021-07-01,4.863753142837932,3.407319194005026,7.0027841714903385,4.863753142837932,4.863753142837932,0.10900506662388254,0.10900506662388254,0.10900506662388254,0.07309284301300266,0.07309284301300266,0.07309284301300266,-0.03591222361087989,-0.03591222361087989,-0.03591222361087989,0.0,0.0,0.0,5.219258687761383
2021-08-01,4.875113973103841,2.876716010850658,6.6811763128501696,4.875113973103841,4.875113973103841,-0.03851240999993075,-0.03851240999993075,-0.03851240999993075,-0.006863796598869432,-0.006863796598869432,-0.006863796598869432,0.031648613401061315,0.031648613401061315,0.031648613401061315,0.0,0.0,0.0,4.8416521823961505
2021-09-01,4.886474803369751,2.6022692460961334,6.208394595365184,4.886474803369751,4.886474803369751,-0.12256018625610922,-0.12256018625610922,-0.12256018625610922,-0.10985270349257811,-0.10985270349257811,-0.10985270349257811,0.012707482763531106,0.012707482763531106,0.012707482763531106,0.0,0.0,0.0,4.349682335671219
2021-10-01,4.897469155239985,2.9532854562900552,6.703334098659697,4.897469155239985,4.897469155239985,-0.07302230152404521,-0.07302230152404521,-0.07302230152404521,-0.043924388028099906,-0.043924388028099906,-0.043924388028099906,0.029097913495945295,0.029097913495945295,0.029097913495945295,0.0,0.0,0.0,4.682350819709574
2021-11-01,4.908829985505895,2.8736184222074166,6.541492582487912,4.908829985505895,4.908829985505895,-0.05257474235712491,-0.05257474235712491,-0.05257474235712491,-0.0392939199500825,-0.0392939199500825,-0.0392939199500825,0.013280822407042397,0.013280822407042397,0.013280822407042397,0.0,0.0,0.0,4.715942813006862
2021-12-01,4.91982433737613,3.0034778863821368,6.735689778316177,4.91982433737613,4.91982433737613,-0.02493890483312914,-0.02493890483312914,-0.02493890483312914,0.007300733435102712,0.007300733435102712,0.007300733435102712,0.03223963826823185,0.03223963826823185,0.03223963826823185,0.0,0.0,0.0,4.955742663410844
2022-01-01,4.931185167603326,3.2232180433807063,7.062349918401773,4.931185167603326,4.931185167603326,0.050680034899543064,0.050680034899543064,0.050680034899543064,0.028556224899533113,0.028556224899533113,0.028556224899533113,-0.022123810000009944,-0.022123810000009944,-0.022123810000009944,0.0,0.0,0.0,5.072001200270648
2022-02-01,4.942545997830521,2.608638578912716,6.127225734882489,4.942545997830521,4.942545997830521,-0.09762994764287064,-0.09762994764287064,-0.09762994764287064,-0.11883251778581821,-0.11883251778581821,-0.11883251778581821,-0.021202570142947574,-0.021202570142947574,-0.021202570142947574,0.0,0.0,0.0,4.355210812636101
2022-03-01,4.9528073928744405,3.053642817050324,6.7213731228497755,4.9528073928744405,4.9528073928744405,-0.05257474235725044,-0.05257474235725044,-0.05257474235725044,-0.017470152640548693,-0.017470152640548693,-0.017470152640548693,0.035104589716701745,0.035104589716701745,0.035104589716701745,0.0,0.0,0.0,4.866281091721686
2022-04-01,4.964168223101636,3.8728194551360917,7.4263690702418454,4.964168223101636,4.964168223101636,0.12768916510009737,0.12768916510009737,0.12768916510009737,0.14158848009636113,0.14158848009636113,0.14158848009636113,0.013899314996263765,0.013899314996263765,0.013899314996263765,0.0,0.0,0.0,5.66703725675325
2022-05-01,4.975162574934406,3.2252195791106697,7.011652287731486,4.975162574934406,4.975162574934406,0.050680034899945076,0.050680034899945076,0.050680034899945076,0.018490113041852285,0.018490113041852285,0.018490113041852285,-0.03218992185809279,-0.03218992185809279,-0.03218992185809279,0.0,0.0,0.0,5.067153893346536
2022-06-01,4.986523404838147,2.423673238054574,6.2241710293379615,4.986523404838147,4.986523404838147,-0.0976299476428022,-0.0976299476428022,-0.0976299476428022,-0.13454311411737863,-0.13454311411737863,-0.13454311411737863,-0.03691316647457642,-0.03691316647457642,-0.03691316647457642,0.0,0.0,0.0,4.315621017332028
2022-07-01,4.997517756357896,3.401435798557197,7.177246980778652,4.997517756357896,4.997517756357896,0.10146899483319598,0.10146899483319598,0.10146899483319598,0.06848754931225258,0.06848754931225258,0.06848754931225258,-0.032981445520943405,-0.032981445520943405,-0.032981445520943405,0.0,0.0,0.0,5.3397855001353145
2022-08-01,5.008878586261637,3.8768357581192014,7.726024884562739,5.008878586261637,5.008878586261637,0.10900506662400912,0.10900506662400912,0.10900506662400912,0.14153264591192335,0.14153264591192335,0.14153264591192335,0.032527579287914235,0.032527579287914235,0.032527579287914235,0.0,0.0,0.0,5.71779842562682
2022-09-01,5.020239416165378,2.983106801641731,6.873927402409451,5.020239416165378,5.020239416165378,-0.03851240999978873,-0.03851240999978873,-0.03851240999978873,-0.02755445834627082,-0.02755445834627082,-0.02755445834627082,0.010957951653517893,0.010957951653517893,0.010957951653517893,0.0,0.0,0.0,4.881909438284342
2022-10-01,5.031233767685126,3.3471816514672557,6.997108300252591,5.031233767685126,5.031233767685126,0.0045752100001782425,0.0045752100001782425,0.0045752100001782425,0.032062849761697265,0.032062849761697265,0.032062849761697265,0.027487639761519026,0.027487639761519026,0.027487639761519026,0.0,0.0,0.0,5.192549460094392
2022-11-01,5.042594597490448,2.7958437613223177,6.621887463563817,5.042594597490448,5.042594597490448,-0.07302230152442883,-0.07302230152442883,-0.07302230152442883,-0.06019098855058228,-0.06019098855058228,-0.06019098855058228,0.01283131297384655,0.01283131297384655,0.01283131297384655,0.0,0.0,0.0,4.739075843807672
2022-12-01,5.053588948914951,2.668914310883483,6.399132121656131,5.053588948914951,5.053588948914951,-0.12256018625650802,-0.12256018625650802,-0.12256018625650802,-0.08777633466400261,-0.08777633466400261,-0.08777633466400261,0.034783851592505396,0.034783851592505396,0.034783851592505396,0.0,0.0,0.0,4.610003434080687
2023-01-01,5.064949778720271,2.9866878937260553,6.606273742710239,5.064949778720271,5.064949778720271,-0.024938904832980748,-0.024938904832980748,-0.024938904832980748,-0.04761666137989842,-0.04761666137989842,-0.04761666137989842,-0.022677756546917685,-0.022677756546917685,-0.022677756546917685,0.0,0.0,0.0,4.8237737802007565
2023-02-01,5.076310608525591,3.428289507856165,7.213037613194658,5.076310608525591,5.076310608525591,0.05068003489963212,0.05068003489963212,0.05068003489963212,0.028583861504474624,0.028583861504474624,0.028583861504474624,-0.022096173395157494,-0.022096173395157494,-0.022096173395157494,0.0,0.0,0.0,5.221411167913383
2023-03-01,5.086572003188461,2.9390187929297222,6.742819611274885,5.086572003188461,5.086572003188461,-0.07302230152416941,-0.07302230152416941,-0.07302230152416941,-0.03541860917120847,-0.03541860917120847,-0.03541860917120847,0.03760369235296093,0.03760369235296093,0.03760369235296093,0.0,0.0,0.0,4.906412697386319
2023-04-01,5.097932832993781,2.999880066807426,6.844237539689029,5.097932832993781,5.097932832993781,-0.052574742357106616,-0.052574742357106616,-0.052574742357106616,-0.04156389797525421,-0.04156389797525421,-0.04156389797525421,0.01101084438185241,0.01101084438185241,0.01101084438185241,0.0,0.0,0.0,4.886042872838529
2023-05-01,5.108927184418285,3.0458188777313993,6.74516147824806,5.108927184418285,5.108927184418285,-0.02493890483295187,-0.02493890483295187,-0.02493890483295187,-0.05724618846127308,-0.05724618846127308,-0.05724618846127308,-0.03230728362832121,-0.03230728362832121,-0.03230728362832121,0.0,0.0,0.0,4.816460575984155
2023-06-01,5.120288014223605,3.322532013692627,7.123408238353387,5.120288014223605,5.120288014223605,0.050680034900034115,0.050680034900034115,0.050680034900034115,0.012978073728819671,0.012978073728819671,0.012978073728819671,-0.03770196117121445,-0.03770196117121445,-0.03770196117121445,0.0,0.0,0.0,5.1867394895849905
2023-07-01,5.131282365648108,3.8103737652486633,7.421012538138939,5.131282365648108,5.131282365648108,0.12768916510004197,0.12768916510004197,0.12768916510004197,0.09766332888515307,0.09766332888515307,0.09766332888515307,-0.030025836214888885,-0.030025836214888885,-0.030025836214888885,0.0,0.0,0.0,5.632420482926986
2023-08-01,5.142643195453428,3.988906715816345,7.527708843365057,5.142643195453428,5.142643195453428,0.10146899483312323,0.10146899483312323,0.10146899483312323,0.1347842345863064,0.1347842345863064,0.1347842345863064,0.03331523975318315,0.03331523975318315,0.03331523975318315,0.0,0.0,0.0,5.835790422303095
2023-09-01,5.1540040252587485,3.861406031156748,7.517622589738603,5.1540040252587485,5.1540040252587485,0.10900506662388947,0.10900506662388947,0.10900506662388947,0.11816579754534699,0.11816579754534699,0.11816579754534699,0.009160730921457517,0.009160730921457517,0.009160730921457517,0.0,0.0,0.0,5.763031021455377
2023-10-01,5.164998376683252,3.4732280697497555,7.316463913875995,5.164998376683252,5.164998376683252,0.01582002115619431,0.01582002115619431,0.01582002115619431,0.04171551955481581,0.04171551955481581,0.04171551955481581,0.02589549839862149,0.02589549839862149,0.02589549839862149,0.0,0.0,0.0,5.3804589674663745
2023-11-01,5.176359206488573,3.3416148498919545,7.11544165665323,5.176359206488573,5.176359206488573,0.004575209999858982,0.004575209999858982,0.004575209999858982,0.017025024776938506,0.017025024776938506,0.017025024776938506,0.012449814777079522,0.012449814777079522,0.012449814777079522,0.0,0.0,0.0,5.264486850233375
2023-12-01,5.187353557913076,3.277323428969408,7.009158049961937,5.187353557913076,5.187353557913076,-0.03851240999999116,-0.03851240999999116,-0.03851240999999116,-0.00119251278120577,-0.00119251278120577,-0.00119251278120577,0.03731989721878538,0.03731989721878538,0.03731989721878538,0.0,0.0,0.0,5.181167572494631
2024-01-01,5.198714387718396,2.687188170016011,6.2866489661363465,5.198714387718396,5.198714387718396,-0.12256018625596263,-0.12256018625596263,-0.12256018625596263,-0.145812376402102,-0.145812376402102,-0.145812376402102,-0.023252190146139357,-0.023252190146139357,-0.023252190146139357,0.0,0.0,0.0,4.440677488609378
2024-02-01,5.210075217523716,3.039477581034999,6.741080798124731,5.210075217523716,5.210075217523716,-0.024938904832939264,-0.024938904832939264,-0.024938904832939264,-0.0478942209078209,-0.0478942209078209,-0.0478942209078209,-0.022955316074881646,-0.022955316074881646,-0.022955316074881646,0.0,0.0,0.0,4.960542724109272
2024-03-01,5.220703090567402,2.7490596420130595,6.689318979846278,5.220703090567402,5.220703090567402,-0.12256018625609993,-0.12256018625609993,-0.12256018625609993,-0.09262514354007255,-0.09262514354007255,-0.09262514354007255,0.02993504271602738,0.02993504271602738,0.02993504271602738,0.0,0.0,0.0,4.737134717423496
2024-04-01,5.232063920372722,3.3246204992236117,6.951280372358505,5.232063920372722,5.232063920372722,-0.024938904832969018,-0.024938904832969018,-0.024938904832969018,-0.005406867845328525,-0.005406867845328525,-0.005406867845328525,0.019532036987640496,0.019532036987640496,0.019532036987640496,0.0,0.0,0.0,5.203774842196956
2024-05-01,5.243058271797226,2.94682552337963,6.656566076761695,5.243058271797226,5.243058271797226,-0.05257474235744288,-0.05257474235744288,-0.05257474235744288,-0.08438964463115783,-0.08438964463115783,-0.08438964463115783,-0.03181490227371495,-0.03181490227371495,-0.03181490227371495,0.0,0.0,0.0,4.800598447459806
2024-06-01,5.254419101602546,3.8210248996869143,7.612910867080727,5.254419101602546,5.254419101602546,0.12768916510006115,0.12768916510006115,0.12768916510006115,0.09254892397480177,0.09254892397480177,0.09254892397480177,-0.035140241125259354,-0.035140241125259354,-0.035140241125259354,0.0,0.0,0.0,5.740709935568507
2024-07-01,5.26541345302705,3.463581318088318,7.1544404447175785,5.26541345302705,5.26541345302705,0.050680034899992545,0.050680034899992545,0.050680034899992545,0.011865921485305094,0.011865921485305094,0.011865921485305094,-0.03881411341468745,-0.03881411341468745,-0.03881411341468745,0.0,0.0,0.0,5.327892435648339
2024-08-01,5.27677428283237,3.0945673015688544,6.721792167366005,5.27677428283237,5.27677428283237,-0.09762994764273938,-0.09762994764273938,-0.09762994764273938,-0.06694989617410135,-0.06694989617410135,-0.06694989617410135,0.030680051468638024,0.030680051468638024,0.030680051468638024,0.0,0.0,0.0,4.9234947924625745
2024-09-01,5.28813511263769,3.62664746402111,7.1844840913055,5.28813511263769,5.28813511263769,0.015820021156098207,0.015820021156098207,0.015820021156098207,0.03022712744599637,0.03022712744599637,0.03022712744599637,0.014407106289898164,0.014407106289898164,0.014407106289898164,0.0,0.0,0.0,5.447980246639038
2024-10-01,5.299129464062194,3.908150509695537,7.930670307285742,5.299129464062194,5.299129464062194,0.10900506662393337,0.10900506662393337,0.10900506662393337,0.1397288230631397,0.1397288230631397,0.1397288230631397,0.030723756439206343,0.030723756439206343,0.030723756439206343,0.0,0.0,0.0,6.0395705873348104
2024-11-01,5.310490293867513,3.266501723360971,6.961299665361228,5.310490293867513,5.310490293867513,-0.0385124100000106,-0.0385124100000106,-0.0385124100000106,-0.024714495509155335,-0.024714495509155335,-0.024714495509155335,0.013797914490855268,0.013797914490855268,0.013797914490855268,0.0,0.0,0.0,5.179244205348311
2024-12-01,5.321484645292017,3.5772576405750893,7.475915068682124,5.321484645292017,5.321484645292017,0.004575210000000031,0.004575210000000031,0.004575210000000031,0.03426498580000114,0.03426498580000114,0.03426498580000114,0.0296897758000011,0.0296897758000011,0.0296897758000011,0.0,0.0,0.0,5.503825241097871
2025-01-01,5.332845475097337,2.8759732898097017,6.8268238406433115,5.332845475097337,5.332845475097337,-0.0730223015238493,-0.0730223015238493,-0.0730223015238493,-0.09461299301386028,-0.09461299301386028,-0.09461299301386028,-0.02159069149001097,-0.02159069149001097,-0.02159069149001097,0.0,0.0,0.0,4.828289003417956
2025-02-01,5.344206304902658,2.9775023051195473,6.771176920553565,5.344206304902658,5.344206304902658,-0.05257474235728045,-0.05257474235728045,-0.05257474235728045,-0.07284932881230592,-0.07284932881230592,-0.07284932881230592,-0.020274586455025483,-0.020274586455025483,-0.020274586455025483,0.0,0.0,0.0,4.954884462556006
2025-03-01,5.354467699565527,3.4969855670466305,7.20146567816036,5.354467699565527,5.354467699565527,-0.03851241000014796,-0.03851241000014796,-0.03851241000014796,-0.005964775485229227,-0.005964775485229227,-0.005964775485229227,0.03254763451491874,0.03254763451491874,0.03254763451491874,0.0,0.0,0.0,5.3225295018947065
2025-04-01,5.365828529370847,2.9750170190828378,6.5851459425612635,5.365828529370847,5.365828529370847,-0.1225601862564477,-0.1225601862564477,-0.1225601862564477,-0.10581939570675267,-0.10581939570675267,-0.10581939570675267,0.01674079054969503,0.01674079054969503,0.01674079054969503,0.0,0.0,0.0,4.798019796926771
2025-05-01,5.37682288079535,2.924083786550972,6.557549750340479,5.37682288079535,5.37682288079535,-0.07302230152380476,-0.07302230152380476,-0.07302230152380476,-0.10504758295661341,-0.10504758295661341,-0.10504758295661341,-0.03202528143280866,-0.03202528143280866,-0.03202528143280866,0.0,0.0,0.0,4.812000633181984
2025-06-01,5.388183710600671,3.111395183121684,6.950383782390229,5.388183710600671,5.388183710600671,-0.052574742357259216,-0.052574742357259216,-0.052574742357259216,-0.08863389715008377,-0.08863389715008377,-0.08863389715008377,-0.036059154792824566,-0.036059154792824566,-0.036059154792824566,0.0,0.0,0.0,4.9106079897695345
2025-07-01,5.399178062025174,3.1720501952021047,6.797007221565354,5.399178062025174,5.399178062025174,-0.024938904833281914,-0.024938904833281914,-0.024938904833281914,-0.06085112844414666,-0.06085112844414666,-0.06085112844414666,-0.03591222361086475,-0.03591222361086475,-0.03591222361086475,0.0,0.0,0.0,5.070631984280062
2025-08-01,5.410538891830495,3.894752022461333,7.7678275945275965,5.410538891830495,5.410538891830495,0.05068003489991797,0.05068003489991797,0.05068003489991797,0.0823286483009682,0.0823286483009682,0.0823286483009682,0.03164861340105022,0.03164861340105022,0.03164861340105022,0.0,0.0,0.0,5.855981245374718
2025-09-01,5.421899721635815,3.0368676963516115,6.843845251453504,5.420241379876783,5.422536205391224,-0.09762994764284755,-0.09762994764284755,-0.09762994764284755,-0.08492246487930968,-0.08492246487930968,-0.08492246487930968,0.012707482763537881,0.012707482763537881,0.012707482763537881,0.0,0.0,0.0,4.961458632946059
2025-10-01,5.432894073060318,4.313553700160367,8.187361005975879,5.428762741171215,5.435730576256563,0.10146899483312395,0.10146899483312395,0.10146899483312395,0.1305669083290623,0.1305669083290623,0.1305669083290623,0.029097913495938373,0.029097913495938373,0.029097913495938373,0.0,0.0,0.0,6.142250255459091
2025-11-01,5.444254902865638,4.040292266696637,7.9631138696413615,5.437171271344966,5.449657979069923,0.10900506662401946,0.10900506662401946,0.10900506662401946,0.12228588903105131,0.12228588903105131,0.12228588903105131,0.01328082240703183,0.01328082240703183,0.01328082240703183,0.0,0.0,0.0,6.110010453774222
2025-12-01,5.455249254290142,3.763333949327147,7.615904300609218,5.444039063493329,5.464341735331733,0.01582002115625328,0.01582002115625328,0.01582002115625328,0.048059659424471365,0.048059659424471365,0.048059659424471365,0.03223963826821809,0.03223963826821809,0.03223963826821809,0.0,0.0,0.0,5.717426675526927
2026-01-01,5.466610084095462,3.5275613253314235,7.295324802040497,5.451297714214111,5.480596698361076,0.004575209999820926,0.004575209999820926,0.004575209999820926,-0.017548600000185897,-0.017548600000185897,-0.017548600000185897,-0.02212381000000682,-0.02212381000000682,-0.02212381000000682,0.0,0.0,0.0,5.370678730372688
2026-02-01,5.477970913900783,3.1184803487466684,6.753137430196199,5.456912183677223,5.49559736587098,-0.07302230152350338,-0.07302230152350338,-0.07302230152350338,-0.09422487166643052,-0.09422487166643052,-0.09422487166643052,-0.02120257014292715,-0.02120257014292715,-0.02120257014292715,0.0,0.0,0.0,4.961809807546042
2026-03-01,5.488232308563653,4.334279223743411,8.01444472098216,5.462329687592967,5.510480485488156,0.10900506662397513,0.10900506662397513,0.10900506662397513,0.14410965634069428,0.14410965634069428,0.14410965634069428,0.03510458971671915,0.03510458971671915,0.03510458971671915,0.0,0.0,0.0,6.279139580468656
2026-04-01,5.499593138368972,3.4653197450004205,7.312118895851797,5.468521701761203,5.528594158144748,-0.03851240999996611,-0.03851240999996611,-0.03851240999996611,-0.024613095003713233,-0.024613095003713233,-0.024613095003713233,0.013899314996252875,0.013899314996252875,0.013899314996252875,0.0,0.0,0.0,5.364231129972527
2026-05-01,5.510587489793476,3.5443487161673124,7.165712242113442,5.47388064290389,5.546522407970486,0.004575210000021248,0.004575210000021248,0.004575210000021248,-0.027614711858065785,-0.027614711858065785,-0.027614711858065785,-0.032189921858087035,-0.032189921858087035,-0.032189921858087035,0.0,0.0,0.0,5.358414204094167
2026-06-01,5.521948319598796,3.019228542670854,6.9134453114550745,5.479846503527247,5.5642329154656816,-0.07302230152435196,-0.07302230152435196,-0.07302230152435196,-0.1099354679989433,-0.1099354679989433,-0.1099354679989433,-0.036913166474591357,-0.036913166474591357,-0.036913166474591357,0.0,0.0,0.0,4.9148903468177245
2026-07-01,5.532942671023299,2.854020631160154,6.517796409317483,5.485688497183852,5.580519960518237,-0.12256018625603962,-0.12256018625603962,-0.12256018625603962,-0.15554163177697408,-0.15554163177697408,-0.15554163177697408,-0.032981445520934446,-0.032981445520934446,-0.032981445520934446,0.0,0.0,0.0,4.672339739443886
2026-08-01,5.54430350082862,3.7367493096559428,7.353092360158146,5.490042764189363,5.598299565241944,-0.024938904832946918,-0.024938904832946918,-0.024938904832946918,0.007588674454973715,0.007588674454973715,0.007588674454973715,0.032527579287920626,0.032527579287920626,0.032527579287920626,0.0,0.0,0.0,5.5863774151759795
2026-09-01,5.55566433063394,4.055775617299753,7.784365014685664,5.4958003700202,5.615466237131445,0.05068003489984342,0.05068003489984342,0.05068003489984342,0.061637986553338034,0.061637986553338034,0.061637986553338034,0.01095795165349462,0.01095795165349462,0.01095795165349462,0.0,0.0,0.0,5.898104293940415
2026-10-01,5.566658682058443,4.641661801933886,8.390541009968326,5.497470056290296,5.634367678349168,0.12768916509990538,0.12768916509990538,0.12768916509990538,0.1551768048614248,0.1551768048614248,0.1551768048614248,0.027487639761519436,0.027487639761519436,0.027487639761519436,0.0,0.0,0.0,6.430474990094382
2026-11-01,5.578019511863764,4.347334223696831,8.248656894144705,5.50017387767934,5.655320857158314,0.10146899483305122,0.10146899483305122,0.10146899483305122,0.11430030780689598,0.11430030780689598,0.11430030780689598,0.012831312973844766,0.012831312973844766,0.012831312973844766,0.0,0.0,0.0,6.215588859022664
2026-12-01,5.589013863288267,3.447193300299227,7.099944730193281,5.503663293238051,5.674391815992203,-0.09762994764276399,-0.09762994764276399,-0.09762994764276399,-0.062846096050246,-0.062846096050246,-0.062846096050246,0.034783851592518004,0.034783851592518004,0.034783851592518004,0.0,0.0,0.0,5.237766161209896
2027-01-01,5.6003746930935865,3.7267508686151887,7.551526232355523,5.506379495458449,5.6952278549449185,0.01582002115622203,0.01582002115622203,0.01582002115622203,-0.00685773539070514,-0.00685773539070514,-0.00685773539070514,-0.022677756546927164,-0.022677756546927164,-0.022677756546927164,0.0,0.0,0.0,5.561968805359549
2027-02-01,5.611735522898908,3.6430572313518756,7.430108321406877,5.509181383278992,5.713029689734581,0.004575210000001809,0.004575210000001809,0.004575210000001809,-0.01752096339514015,-0.01752096339514015,-0.01752096339514015,-0.02209617339514195,-0.02209617339514195,-0.02209617339514195,0.0,0.0,0.0,5.513412510218988
2027-03-01,5.621996917561777,4.487122532822878,8.2721593980342,5.51040066116131,5.7333181800390856,0.1014689948331657,0.1014689948331657,0.1014689948331657,0.13907268718616128,0.13907268718616128,0.13907268718616128,0.037603692352995606,0.037603692352995606,0.037603692352995606,0.0,0.0,0.0,6.403863136239409
2027-04-01,5.633357747367096,4.431865933393048,8.195078585583158,5.514088202528942,5.752958063952181,0.10900506662410171,0.10900506662410171,0.10900506662410171,0.12001591100595277,0.12001591100595277,0.12001591100595277,0.011010844381851063,0.011010844381851063,0.011010844381851063,0.0,0.0,0.0,6.309450309439801
2027-05-01,5.644352098791601,3.593709504414017,7.370426194096701,5.516256439629513,5.774124185856951,0.015820021156004394,0.015820021156004394,0.015820021156004394,-0.01648726247234123,-0.01648726247234123,-0.01648726247234123,-0.032307283628345625,-0.032307283628345625,-0.032307283628345625,0.0,0.0,0.0,5.551292184252514
2027-06-01,5.6557129285969205,3.4790517098332483,7.377085639365567,5.520584935321447,5.796579063039023,0.004575209999896905,0.004575209999896905,0.004575209999896905,-0.03312675117131568,-0.03312675117131568,-0.03312675117131568,-0.037701961171212585,-0.037701961171212585,-0.037701961171212585,0.0,0.0,0.0,5.468357533714897
2027-07-01,5.666707280021424,3.4367992366589726,7.254380921497776,5.52031927097914,5.815520934374799,-0.0385124099997629,-0.0385124099997629,-0.0385124099997629,-0.06853824621465684,-0.06853824621465684,-0.06853824621465684,-0.030025836214893936,-0.030025836214893936,-0.030025836214893936,0.0,0.0,0.0,5.278321101236927
2027-08-01,5.678068109826745,3.198764696087533,7.051567252371784,5.521439769941957,5.838951586686724,-0.12256018625622378,-0.12256018625622378,-0.12256018625622378,-0.08924494650303437,-0.08924494650303437,-0.08924494650303437,0.033315239753189424,0.033315239753189424,0.033315239753189424,0.0,0.0,0.0,5.171329225124671
2027-09-01,5.689428939632064,3.7913037677742576,7.477904256401204,5.52153042890822,5.860786046622754,-0.024938904833092024,-0.024938904833092024,-0.024938904833092024,-0.01577817391163147,-0.01577817391163147,-0.01577817391163147,0.009160730921460549,0.009160730921460549,0.009160730921460549,0.0,0.0,0.0,5.59966014036468
2027-10-01,5.700423291056569,3.70453459765558,7.286657169343419,5.522614853300886,5.883376013184181,-0.05257474235721044,-0.05257474235721044,-0.05257474235721044,-0.026679243958592162,-0.026679243958592162,-0.026679243958592162,0.025895498398618277,0.025895498398618277,0.025895498398618277,0.0,0.0,0.0,5.54834030740723
2027-11-01,5.711784120861888,4.707420036117688,8.359320233561343,5.522628232344771,5.906052420627355,0.12768916510026318,0.12768916510026318,0.12768916510026318,0.14013897987734256,0.14013897987734256,0.14013897987734256,0.01244981477707937,0.01244981477707937,0.01244981477707937,0.0,0.0,0.0,6.512227720839077
2027-12-01,5.722778472286391,4.2458192223176,8.10752986087416,5.520107535796577,5.929142187532563,0.05068003489979691,0.05068003489979691,0.05068003489979691,0.08799993211860162,0.08799993211860162,0.08799993211860162,0.03731989721880471,0.03731989721880471,0.03731989721880471,0.0,0.0,0.0,6.226382589377388
2028-01-01,5.734139302091712,2.878106178217198,6.838656770526247,5.519994965511723,5.952365554311216,-0.09762994764283232,-0.09762994764283232,-0.09762994764283232,-0.12088213778895922,-0.12088213778895922,-0.12088213778895922,-0.023252190146126884,-0.023252190146126884,-0.023252190146126884,0.0,0.0,0.0,5.040984284875176
2028-02-01,5.745500131897032,3.6860720188292992,7.664631382543152,5.520278773523425,5.976474726876648,0.015820021156354377,0.015820021156354377,0.015820021156354377,-0.00713529491851933,-0.00713529491851933,-0.00713529491851933,-0.022955316074873708,-0.022955316074873708,-0.022955316074873708,0.0,0.0,0.0,5.704504294001555
2028-03-01,5.756128004940718,3.3724422217383747,7.2851184230379396,5.518248641880239,5.998834295149299,-0.09762994764282001,-0.09762994764282001,-0.09762994764282001,-0.06769490492677153,-0.06769490492677153,-0.06769490492677153,0.029935042716048493,0.029935042716048493,0.029935042716048493,0.0,0.0,0.0,5.3664674668999295
2028-04-01,5.767488834746039,4.0085048024219,8.079593118843361,5.516513241265087,6.020202943448036,0.015820021156213483,0.015820021156213483,0.015820021156213483,0.03535205814384185,0.03535205814384185,0.03535205814384185,0.01953203698762836,0.01953203698762836,0.01953203698762836,0.0,0.0,0.0,5.971381435375939
2028-05-01,5.778483186170542,4.2755201448884925,8.109168028645854,5.514338251296089,6.046161670115351,0.10900506662350182,0.10900506662350182,0.10900506662350182,0.0771901643497624,0.0771901643497624,0.0771901643497624,-0.03181490227373941,-0.03181490227373941,-0.03181490227373941,0.0,0.0,0.0,6.224525253003384
2028-06-01,5.789844015975863,3.566310119770465,7.126551955530066,5.510962539696162,6.067733785399273,-0.03851241000018798,-0.03851241000018798,-0.03851241000018798,-0.07365265112545075,-0.07365265112545075,-0.07365265112545075,-0.03514024112526277,-0.03514024112526277,-0.03514024112526277,0.0,0.0,0.0,5.363406654596414
2028-07-01,5.800838367400366,3.751554445062752,7.45099222228337,5.5037208747124735,6.091586139763669,0.0045752099998430384,0.0045752099998430384,0.0045752099998430384,-0.03423890341483539,-0.03423890341483539,-0.03423890341483539,-0.03881411341467843,-0.03881411341467843,-0.03881411341467843,0.0,0.0,0.0,5.602224022813873
2028-08-01,5.812199197205686,3.597725822119615,7.400672371486114,5.503143514751359,6.113194180239447,-0.0730223015238237,-0.0730223015238237,-0.0730223015238237,-0.0423422500551842,-0.0423422500551842,-0.0423422500551842,0.030680051468639506,0.030680051468639506,0.030680051468639506,0.0,0.0,0.0,5.566097605427062
2028-09-01,5.823560027011006,3.670185170300237,7.462751491174308,5.505566078542528,6.135265860511622,-0.052574742357121285,-0.052574742357121285,-0.052574742357121285,-0.03816763606723779,-0.03816763606723779,-0.03816763606723779,0.014407106289883505,0.014407106289883505,0.014407106289883505,0.0,0.0,0.0,5.601288507284337
2028-10-01,5.834554378435509,3.933662528328893,7.922990647719382,5.504501739436124,6.158113173171371,-0.02493890483309909,-0.02493890483309909,-0.02493890483309909,0.0057848516061232876,0.0057848516061232876,0.0057848516061232876,0.030723756439222382,0.030723756439222382,0.030723756439222382,0.0,0.0,0.0,5.868306409702615
2028-11-01,5.84591520824083,4.300189089648599,8.186840488247041,5.501987932239338,6.185211061645863,0.0506800348993154,0.0506800348993154,0.0506800348993154,0.06447794939016438,0.06447794939016438,0.06447794939016438,0.013797914490848981,0.013797914490848981,0.013797914490848981,0.0,0.0,0.0,6.222847833176974
2028-12-01,5.8569095596653336,4.977180907849798,8.709050357599354,5.50281614698201,6.21304659197525,0.12768916510003278,0.12768916510003278,0.12768916510003278,0.15737894090004045,0.15737894090004045,0.15737894090004045,0.02968977580000766,0.02968977580000766,0.02968977580000766,0.0,0.0,0.0,6.778663783112787
2029-01-01,5.868270389470653,4.479310237958502,8.31288356745001,5.5003011161490925,6.236174020505201,0.101468994833125,0.101468994833125,0.101468994833125,0.07987830334311463,0.07987830334311463,0.07987830334311463,-0.021590691490010357,-0.021590691490010357,-0.021590691490010357,0.0,0.0,0.0,6.337017871740207
2029-02-01,5.879631219275973,4.5870758278440755,8.217323808019394,5.496115194816481,6.263704386627589,0.10900506662402984,0.10900506662402984,0.10900506662402984,0.08873048016899987,0.08873048016899987,0.08873048016899987,-0.020274586455029976,-0.020274586455029976,-0.020274586455029976,0.0,0.0,0.0,6.401333720578973
2029-03-01,5.8898926139388434,4.393744842836503,8.399620258113124,5.493559244263683,6.286842083089434,0.05068003490012929,0.05068003490012929,0.05068003490012929,0.08322766941501472,0.08322766941501472,0.08322766941501472,0.03254763451488542,0.03254763451488542,0.03254763451488542,0.0,0.0,0.0,6.380094649301682
2029-04-01,5.901253443744164,3.4352296983401924,7.367837697558957,5.493065423999132,6.310542416376555,-0.09762994764274474,-0.09762994764274474,-0.09762994764274474,-0.08088915709303339,-0.08088915709303339,-0.08088915709303339,0.01674079054971137,0.01674079054971137,0.01674079054971137,0.0,0.0,0.0,5.423906026887338
2029-05-01,5.912247795168668,4.34913500382954,8.246334083063918,5.486929685920721,6.335191365568367,0.10146899483309993,0.10146899483309993,0.10146899483309993,0.06944371340028571,0.06944371340028571,0.06944371340028571,-0.032025281432814225,-0.032025281432814225,-0.032025281432814225,0.0,0.0,0.0,6.3228162366078315
2029-06-01,5.923608624973988,4.267290534023314,8.473531406633198,5.481315833474339,6.363676804090977,0.10900506662386239,0.10900506662386239,0.10900506662386239,0.07294591183104057,0.07294591183104057,0.07294591183104057,-0.036059154792821825,-0.036059154792821825,-0.036059154792821825,0.0,0.0,0.0,6.3557116574529315
2029-07-01,5.934602976398491,3.772677590124324,7.695080173057067,5.47514940106307,6.391407988382868,0.015820021155899765,0.015820021155899765,0.015820021155899765,-0.02009220245497629,-0.02009220245497629,-0.02009220245497629,-0.03591222361087605,-0.03591222361087605,-0.03591222361087605,0.0,0.0,0.0,5.815363731906787
2029-08-01,5.945963806203811,4.162247508010724,8.177584617677994,5.469296481928827,6.420047683010996,0.004575209999898678,0.004575209999898678,0.004575209999898678,0.03622382340094798,0.03622382340094798,0.03622382340094798,0.0316486134010493,0.0316486134010493,0.0316486134010493,0.0,0.0,0.0,6.161349349068167
2029-09-01,5.957324636009131,3.6456318669129186,7.536920184779722,5.4636476048072415,6.442137721134992,-0.07302230152399246,-0.07302230152399246,-0.07302230152399246,-0.060314818760430086,-0.060314818760430086,-0.060314818760430086,0.012707482763562355,0.012707482763562355,0.012707482763562355,0.0,0.0,0.0,5.598009680291195
2029-10-01,5.968318987433634,3.617019425546081,7.3165970176351935,5.4655613699409935,6.471633268727986,-0.1225601862560261,-0.1225601862560261,-0.1225601862560261,-0.09346227276008372,-0.09346227276008372,-0.09346227276008372,0.02909791349594239,0.02909791349594239,0.02909791349594239,0.0,0.0,0.0,5.410506330310926
2029-11-01,5.979679817238955,3.9647161004961893,7.949083685239772,5.462504989800366,6.496257922906523,-0.02493890483294198,-0.02493890483294198,-0.02493890483294198,-0.011658082425902331,-0.011658082425902331,-0.011658082425902331,0.01328082240703965,0.01328082240703965,0.01328082240703965,0.0,0.0,0.0,5.909968217049078
2029-12-01,5.990674168663458,4.002385556597139,7.9053308293237565,5.458019230399388,6.5230336658197245,-0.052574742357363057,-0.052574742357363057,-0.052574742357363057,-0.020335104089169977,-0.020335104089169977,-0.020335104089169977,0.03223963826819308,0.03223963826819308,0.03223963826819308,0.0,0.0,0.0,5.868853185879384
2030-01-01,6.002034998468779,4.556293248172599,8.609136154474657,5.454809886980187,6.55622087286732,0.12768916510019399,0.12768916510019399,0.12768916510019399,0.10556535510019106,0.10556535510019106,0.10556535510019106,-0.02212381000000292,-0.02212381000000292,-0.02212381000000292,0.0,0.0,0.0,6.63564195440591
2030-02-01,6.013395828274099,4.5527851912320125,8.444267771885812,5.451959744654003,6.583621513404744,0.10146899483314419,0.10146899483314419,0.10146899483314419,0.0802664246901827,0.0802664246901827,0.0802664246901827,-0.021202570142961473,-0.021202570142961473,-0.021202570142961473,0.0,0.0,0.0,6.496069611656521
2030-03-01,6.0236572229369685,4.097129437847926,8.008283235764726,5.44280484460747,6.604649284569724,-0.02493890483319787,-0.02493890483319787,-0.02493890483319787,0.010165684883515259,0.010165684883515259,0.010165684883515259,0.03510458971671313,0.03510458971671313,0.03510458971671313,0.0,0.0,0.0,6.084891824111656
2030-04-01,6.03501805274229,4.347045045995159,8.368514408717855,5.441313864954179,6.627993617492216,0.050680034899675847,0.050680034899675847,0.050680034899675847,0.06457934989589192,0.06457934989589192,0.06457934989589192,0.01389931499621607,0.01389931499621607,0.01389931499621607,0.0,0.0,0.0,6.424755595198358
2030-05-01,6.046012404166793,4.466245134000939,8.63389954985459,5.436789432364237,6.652068986602153,0.12768916510008643,0.12768916510008643,0.12768916510008643,0.09549924324199545,0.09549924324199545,0.09549924324199545,-0.03218992185809097,-0.03218992185809097,-0.03218992185809097,0.0,0.0,0.0,6.623402013396439
2030-06-01,6.057373233972112,4.512638935786984,8.440168304240448,5.43357397502814,6.679466795216354,0.10146899483318121,0.10146899483318121,0.10146899483318121,0.06455582835859656,0.06455582835859656,0.06455582835859656,-0.03691316647458465,-0.03691316647458465,-0.03691316647458465,0.0,0.0,0.0,6.448411980768372
2030-07-01,6.068367585396615,3.3082079287659814,7.129781009995698,5.430823560300757,6.704960290763765,-0.09762994764284462,-0.09762994764284462,-0.09762994764284462,-0.13061139316377207,-0.13061139316377207,-0.13061139316377207,-0.032981445520927424,-0.032981445520927424,-0.032981445520927424,0.0,0.0,0.0,5.275769640838088
